{"node_count":[3,6,12,9],"input_data":[false,false,false,false,false,false,false,false,false,false,false,false,false,false,false,false,false,false,false],"alpha":0.5,"gamma":0.8,"weights":[[[3.7152737e24,2.0240098e24,1.3349534e24,1.9256252e24,2.0510854e22,1.7822303e24,1.421337e24,1.8084905e24,-7.604761e23,2.2429142e24,1.17749365e24,1.1155422e24,1.15418655e24,1.0077853e24,1.1423087e24,1.09487075e24,1.1448868e24,2.2151492e23,2383706000000.0,2.0434009e24,6.866753e23,5.5472343e23,8.0064266e23,9.573376e21,7.409928e23,5.9285728e23,7.521662e23,-3.2807635e23,8.487728e23,5.38687e23,5.089001e23,5.270872e23,4.157973e23,5.221259e23,4.984635e23,5.2353106e23,9.664465e22,1024873100000.0,1.4007844e24,5.6379375e23,3.0802928e23,5.3718273e23,6.565725e21,4.995828e23,3.9783416e23,5.031872e23,-2.2860519e23,5.6436297e23,3.669397e23,3.4664628e23,3.597857e23,2.7731118e23,3.5577036e23,3.3988893e23,3.5670793e23,6.585527e22,686524470000.0,1.9613361e24,8.068947e23,5.3265265e23,6.2774414e23,9.1883526e21,7.107385e23,5.6798037e23,7.225225e23,-3.1583593e23,8.1460656e23,5.174192e23,4.890363e23,5.062448e23,3.9822766e23,5.0153977e23,4.785598e23,5.0290497e23,9.284426e22,979920200000.0,-3.4068647e23,6.348465e21,3.6662712e21,6.3192714e21,-1.0474626e20,5.234957e21,1.9612153e21,6.3028006e21,7.434857e20,4.9897335e22,-3.0460224e22,-2.9403398e22,-2.9768402e22,-1.08129246e21,-2.9949933e22,-2.8694458e22,-3.0283066e22,-2.3500001e20,4368413000.0,1.7850741e24,7.320022e23,4.8483224e23,6.968554e23,8.4688806e21,5.2968237e23,5.162238e23,6.5449185e23,-2.898106e23,7.389842e23,4.7158287e23,4.456265e23,4.6123767e23,3.6015535e23,4.5705487e23,4.3632372e23,4.5822098e23,8.458276e22,900165900000.0,1.4206253e24,5.782182e23,3.8120107e23,5.4928805e23,6.721821e21,5.0936346e23,3.3567832e23,5.202584e23,-2.3232784e23,5.817367e23,3.7494888e23,3.5232478e23,3.6638217e23,2.8203045e23,3.6332826e23,3.469135e23,3.6429614e23,6.724337e22,716661500000.0,1.8104375e24,7.431185e23,4.892124e23,7.0825395e23,8.6159023e21,6.5456924e23,5.264716e23,5.4516668e23,-2.9309457e23,7.51094e23,4.7829244e23,4.5206657e23,4.6799757e23,3.656136e23,4.6352496e23,4.4225763e23,4.647663e23,8.579037e22,913218100000.0,-7.9463746e23,-3.3960337e23,-2.1443598e23,-3.2134398e23,-3.625954e21,-2.9296638e23,-2.3065504e23,-2.9922586e23,9.989361e22,-3.4020516e23,-2.0827608e23,-1.9845731e23,-2.0364098e23,-1.7045685e23,-2.0188454e23,-1.92281e23,-2.0232315e23,-3.7364166e22,-391066780000.0,2.251374e24,8.559031e23,5.780343e23,8.178957e23,1.1036078e22,7.629344e23,6.187466e23,7.7431296e23,-3.7453253e23,8.405079e23,5.945386e23,5.620059e23,5.817304e23,4.3801985e23,5.7621504e23,5.498116e23,5.777615e23,1.0665117e23,1133813000000.0,9.773058e23,5.3201862e23,3.5028857e23,5.063177e23,5.303112e21,4.688434e23,3.738714e23,4.7577244e23,-2.0027484e23,5.899847e23,2.580735e23,3.0448343e23,3.1552824e23,2.6593767e23,3.1230046e23,2.983702e23,3.130816e23,5.8881156e22,628248300000.0,9.232766e23,5.0340437e23,3.3144155e23,4.7950917e23,5.00534e21,4.4374324e23,3.5149226e23,4.504558e23,-1.883952e23,5.58923e23,3.04681e23,2.306728e23,2.9747065e23,2.5008065e23,2.9491031e23,2.8195117e23,2.9594227e23,5.568516e22,593964300000.0,9.4585666e23,5.148425e23,3.3952634e23,4.899523e23,5.189107e21,4.536656e23,3.611722e23,4.6041744e23,-1.9387878e23,5.7092767e23,3.1193624e23,2.9388493e23,2.4437092e23,2.5736996e23,3.024468e23,2.8890039e23,3.0285576e23,5.6977975e22,611353000000.0,1.0102406e24,3.9737075e23,2.6254797e23,3.7749143e23,4.8123405e21,3.479841e23,2.778784e23,3.5312703e23,-1.6393612e23,3.896891e23,2.706786e23,2.5386375e23,2.6500461e23,1.7248007e23,2.6235372e23,2.5085527e23,2.6316626e23,4.854985e22,513613860000.0,9.615704e23,5.2346185e23,3.449431e23,4.981927e23,5.1562466e21,4.6129517e23,3.6780268e23,4.681783e23,-1.9708112e23,5.8051313e23,3.1692713e23,2.9913737e23,3.104814e23,2.6166874e23,2.46101e23,2.9331085e23,3.0798194e23,5.795969e22,613508700000.0,9.030571e23,4.9096997e23,3.235931e23,4.668048e23,4.8368733e21,4.324925e23,3.4490493e23,4.3857267e23,-1.8507348e23,5.4376336e23,2.9708269e23,2.8054729e23,2.9097255e23,2.4571119e23,2.8774487e23,2.2033587e23,2.8848562e23,5.430885e22,580503900000.0,9.673345e23,5.26588e23,3.469027e23,5.0119162e23,5.22661e21,4.641613e23,3.7000223e23,4.7094793e23,-1.9833379e23,5.840086e23,3.1883943e23,3.0123054e23,3.121032e23,2.6330937e23,3.0904083e23,2.9508192e23,2.4824117e23,5.8283956e22,616171900000.0,1.8184835e23,9.872887e22,6.491139e22,9.389298e22,1.0695263e21,8.688269e22,6.932831e22,8.81148e22,-3.7194383e22,1.0926804e23,6.095587e22,5.7508085e22,5.9651024e22,4.9292866e22,5.9163365e22,5.631366e22,5.9144963e22,8.589447e21,114651970000.0,0.6681664,0.6929368,0.7894408,0.95395154,0.96599966,0.25379956,0.7322672,0.528371,0.9896072,0.26921827,0.6982827,0.8105238,0.76914734,0.7140641,0.27947134,0.66672516,0.64943856,0.8662322,0.3149513],19,19],[[2509797300000.0,2509797600000.0,2509797000000.0,2509797000000.0,2509797300000.0,2509796800000.0,1079087400000.0,1079087500000.0,1079087400000.0,1079087300000.0,1079087300000.0,1079087100000.0,722835100000.0,722835100000.0,722835100000.0,722834950000.0,722835100000.0,722835100000.0,1031756450000.0,1031756500000.0,1031756500000.0,1031756400000.0,1031756400000.0,1031756300000.0,4599565000.0,4599563300.0,4599559700.0,4599578600.0,4599575000.0,4599589000.0,947779700000.0,947779700000.0,947779700000.0,947779600000.0,947779700000.0,947779500000.0,754566900000.0,754566900000.0,754566760000.0,754566760000.0,754566900000.0,754566760000.0,961530400000.0,961530300000.0,961530230000.0,961530230000.0,961530230000.0,961530200000.0,-411755280000.0,-411755280000.0,-411755280000.0,-411755280000.0,-411755250000.0,-411755200000.0,1193797100000.0,1193797100000.0,1193797000000.0,1193796800000.0,1193796800000.0,1193796700000.0,661489600000.0,661489650000.0,661489600000.0,661489450000.0,661489600000.0,661489450000.0,625389340000.0,625389340000.0,625389300000.0,625389300000.0,625389300000.0,625389200000.0,643688400000.0,643688400000.0,643688300000.0,643688300000.0,643688370000.0,643688240000.0,540785600000.0,540785600000.0,540785640000.0,540785540000.0,540785600000.0,540785480000.0,645965200000.0,645965150000.0,645965150000.0,645965150000.0,645965150000.0,645965100000.0,611220400000.0,611220400000.0,611220300000.0,611220300000.0,611220400000.0,611220200000.0,648767540000.0,648767500000.0,648767540000.0,648767500000.0,648767500000.0,648767400000.0,120717200000.0,120717206000.0,120717206000.0,120717190000.0,120717206000.0,120717160000.0,0.28848094,0.8035782,0.34410864,0.98423934,0.83226395,0.54635835],6,19],[[3110237.0,3109816.2,3110413.5,3110443.2,3110246.8,3109722.2,3110396.2,3110407.8,3111119.8,3110218.2,3110289.8,3110298.0,3110236.8,3109816.0,3110413.2,3110443.2,3110246.8,3109723.0,3110396.0,3110407.8,3111120.0,3110218.2,3110289.8,3110297.8,3110236.8,3109816.2,3110413.8,3110442.8,3110246.5,3109722.2,3110395.8,3110407.8,3111119.5,3110218.8,3110289.8,3110298.0,3110236.5,3109816.0,3110413.0,3110442.8,3110246.8,3109722.8,3110396.0,3110407.8,3111120.2,3110218.2,3110289.2,3110297.8,3110236.0,3109815.2,3110413.5,3110443.2,3110246.2,3109722.8,3110396.2,3110408.2,3111120.0,3110218.8,3110289.2,3110298.0,3110236.0,3109815.2,3110412.8,3110442.8,3110246.2,3109722.2,3110395.8,3110407.8,3111120.0,3110218.8,3110289.5,3110297.5],12,6],[[1739.2465,-7.2809057,-6.332154,-7.140119,2703.9456,-7.273799,-6.08983,-216.12027,4607.755,1739.2073,-6.3519115,-6.087206,-7.263126,2703.409,-6.3693285,-5.8857064,-215.84503,4607.6436,1739.5751,-7.0707617,-6.3312798,-7.2865777,2703.16,-6.612154,-6.2909927,-216.57211,4608.273,1738.9261,-6.521375,-6.005408,-7.3046427,2703.6328,-7.1413784,-6.047483,-215.83961,4608.3096,1738.9563,-6.8620143,-6.071985,-7.373243,2704.0327,-6.4229226,-5.7061753,-216.29694,4607.821,1739.1547,-6.369758,-5.6538677,-7.92812,2703.1304,-6.8337493,-6.2908707,-216.1878,4607.7183,1739.4371,-7.328756,-5.6296167,-7.161746,2703.536,-6.7623706,-6.0898604,-216.2984,4608.1016,1739.0565,-7.1034846,-6.482246,-7.586289,2703.9165,-6.825622,-6.302939,-216.55185,4608.025,1739.6455,-6.6254683,